[
  {
    "nome": "Adrimar Costa Rodrigues",
    "assinatura": "DIONATO RODRIGUES COSTA-  IRMÃO",
    "data": "2025-02-05"
  },
  {
    "nome": "Aldenir Cordeiro Pegado",
    "assinatura": "",
    "data": ""
  },
  {
    "nome": "Amauri Ferreira do Nascimento",
    "assinatura": "",
    "data": ""
  },
  {
    "nome": "Ana Clara Carlos Silva",
    "assinatura": "NADIA CARLOS DO NASCIMENTO - MÃE",
    "data": "2025-02-06"
  },
  {
    "nome": "Ana Dávila dos Santos Silva",
    "assinatura": "ANA DÁVILA DOS SANTOS SILVA ",
    "data": "2025-02-06"
  },
  {
    "nome": "Ana Estela Costa",
    "assinatura": "",
    "data": ""
  },
  {
    "nome": "Ana Júlia Oliveira dos Santos",
    "assinatura": "FRANCISO WALLACE OLIVEIRA DOS SANTOS - IRMÃO",
    "data": "2025-02-05"
  },
  {
    "nome": "ANA KATIA DE MORAIS COSTA VIEIRA",
    "assinatura": "",
    "data": ""
  },
  {
    "nome": "Ana Lucia Serafim de Abreu",
    "assinatura": "ANA LUCIA SERAFIM DE ABREU",
    "data": "2025-02-04"
  },
  {
    "nome": "Ana Maria da Silva Sousa",
    "assinatura": "",
    "data": ""
  },
  {
    "nome": "ANA RÉGIA OLIVEIRA DOS SANTOS",
    "assinatura": "",
    "data": ""
  },
  {
    "nome": "Ana Rita Bezerra de Oliveira",
    "assinatura": "ANA RITA BEZERRA DE OLIVEIRA ",
    "data": "2025-02-05"
  },
  {
    "nome": "Anderson Felipe Ferreira Inacio",
    "assinatura": "ANDERSON FELIPE FERREIRA INACIO ",
    "data": "2025-02-05"
  },
  {
    "nome": "André Barbosa Lima",
    "assinatura": "MARIA AURILENE BARBOSA DE SOUSA ",
    "data": "2025-02-05"
  },
  {
    "nome": "ANNA CRISTINA BERNARDO DA SILVA",
    "assinatura": "",
    "data": ""
  },
  {
    "nome": "Antonia Aurilêda Sousa",
    "assinatura": "",
    "data": ""
  },
  {
    "nome": "Antonia Crislane Silva do Nascimento",
    "assinatura": "ANTONIA CRISLANE SILVA DO NASCIMENTO",
    "data": "2025-02-05"
  },
  {
    "nome": "Antônia Silva de Lira",
    "assinatura": "MARCOS NTONIO SILVA DE LIRA ",
    "data": "2025-02-05"
  },
  {
    "nome": "Antonio Aristeu Rodrigues da Slva",
    "assinatura": "",
    "data": ""
  },
  {
    "nome": "Antonio César de Brito Sousa",
    "assinatura": "",
    "data": ""
  },
  {
    "nome": "Antônio Costa Rodrigues",
    "assinatura": "DIONATO RODRIGUES COSTA ",
    "data": "2025-02-05"
  },
  {
    "nome": "Antonio Ferreira Lima Filho",
    "assinatura": "",
    "data": ""
  },
  {
    "nome": "Antonio Gerardo Lima",
    "assinatura": "",
    "data": ""
  },
  {
    "nome": "Antonio Iranildo Oliveira",
    "assinatura": "ANTONIO IRANILDO ",
    "data": "2025-02-06"
  },
  {
    "nome": "Antonio Jardel Gomes da Silva",
    "assinatura": "",
    "data": ""
  },
  {
    "nome": "Antônio Liédson dos Santos Silva",
    "assinatura": "ANA PATRICIA DOS SANTOS SOUSA ",
    "data": "2025-02-05"
  },
  {
    "nome": "Antony Lucca Oliveira Santos",
    "assinatura": "ANTONIA LARISSA BARBOSA DE OLIVEIRA ",
    "data": "2025-02-03"
  },
  {
    "nome": "Araci Beserra Costa",
    "assinatura": "ANTONIO IRANILDO COSTA OLIVEIRA",
    "data": "2025-02-06"
  },
  {
    "nome": "Brena Medeiros Bento",
    "assinatura": "BRENA MEDEIROS BENTO",
    "data": "2025-02-05"
  },
  {
    "nome": "Carlos Alberto Facundo da Silva",
    "assinatura": "",
    "data": ""
  },
  {
    "nome": "Carolina Soeiro Maia Amâncio Campos",
    "assinatura": "",
    "data": ""
  },
  {
    "nome": "CATARINA PINTO LEITÃO",
    "assinatura": "CATARINA PINTO LEITÃO",
    "data": "2025-02-07"
  },
  {
    "nome": "Cauan Rodrigues Cavalcante Marques",
    "assinatura": "",
    "data": ""
  },
  {
    "nome": "CÉSAR MIGUEL PEREIRA RODRIGUES",
    "assinatura": "",
    "data": ""
  },
  {
    "nome": "Charles Ronchely Carneiro Magalhães",
    "assinatura": "",
    "data": ""
  },
  {
    "nome": "CICERO LUCAS BARBOSA BEZERRA",
    "assinatura": "",
    "data": ""
  },
  {
    "nome": "Cícero Robério Almeida de Castro",
    "assinatura": "ERIVANDO ALMEIDA DE CASTRO",
    "data": "2025-02-05"
  },
  {
    "nome": "Clara de Assis Rodrigues Severo",
    "assinatura": "",
    "data": ""
  },
  {
    "nome": "Clara Mellyssa Barbosa de Oliveira",
    "assinatura": "ANTONIA LARISSA BARBOSA DE OLIVEIRA ",
    "data": "2025-02-03"
  },
  {
    "nome": "Claudemi de Souza Lima",
    "assinatura": "ANTONIO OZEMAR",
    "data": "2025-02-03"
  },
  {
    "nome": "Cristina Almeida de Castro",
    "assinatura": "ERIVANDO ALMEIDA DE CASTRO ",
    "data": "2025-02-05"
  },
  {
    "nome": "Damião Nogueira do Nascimento",
    "assinatura": "DAVI ALENCAR ALVES ",
    "data": "2025-02-05"
  },
  {
    "nome": "Davi Alencar Alves",
    "assinatura": "PRISCILA CRUS DE SENA ",
    "data": "2025-02-06"
  },
  {
    "nome": "Débora Pereira Soares",
    "assinatura": "DEBORA PEREIRA SOARES ",
    "data": "2025-02-07"
  },
  {
    "nome": "Dejacir Barbosa Rodrigues",
    "assinatura": "DEJACIR BARBOSA RODRIGUES ",
    "data": "2025-02-05"
  },
  {
    "nome": "Dimas Nogueira Coutinho",
    "assinatura": "",
    "data": ""
  },
  {
    "nome": "Dionato Rodrigues Costa",
    "assinatura": "DIONATO RODRIGUES ",
    "data": "2025-02-05"
  },
  {
    "nome": "Edingildo Alves Barbosa",
    "assinatura": "",
    "data": ""
  },
  {
    "nome": "Edmir Barbosa de Sousa",
    "assinatura": "EDMIR BARBOSA ",
    "data": "2025-02-04"
  },
  {
    "nome": "Eduardo Oliveira da Silva",
    "assinatura": "",
    "data": ""
  },
  {
    "nome": "Eliane Guerra de Sousa",
    "assinatura": "",
    "data": ""
  },
  {
    "nome": "Elieuda de Sousa",
    "assinatura": "TATIANE SOUSA DA CRUZ ",
    "data": "2025-02-05"
  },
  {
    "nome": "Elizangela Pereira Barbosa",
    "assinatura": "ELISANGELA PEREIRA ",
    "data": "2025-02-04"
  },
  {
    "nome": "Emanuel Ravi Silva da Cruz",
    "assinatura": "",
    "data": ""
  },
  {
    "nome": "Erivando Almeida de Castro",
    "assinatura": "ERIVANDO ALMEIDA DE CASTRO",
    "data": "2025-02-05"
  },
  {
    "nome": "Eudene da Silva Nascimento",
    "assinatura": "",
    "data": ""
  },
  {
    "nome": "Fabrício Rodrigues da Silva",
    "assinatura": "ANTONIA CRISLANE ",
    "data": "2025-02-05"
  },
  {
    "nome": "Francisca Elenice Castro de Lemos",
    "assinatura": "",
    "data": ""
  },
  {
    "nome": "FRANCISCA GENI DE MESQUITA",
    "assinatura": "",
    "data": ""
  },
  {
    "nome": "FRANCISCA KESIA GOMES SANTOS",
    "assinatura": "",
    "data": ""
  },
  {
    "nome": "Francisca Maria Sousa Lemos",
    "assinatura": "FRANCISCA MARIA SOUSA LEMOS ",
    "data": "2025-02-06"
  },
  {
    "nome": "Francisca Marques de Sousa",
    "assinatura": "",
    "data": ""
  },
  {
    "nome": "Francisca Santos da Silva",
    "assinatura": "FRANCISCO NERI DA SILVA",
    "data": "2025-02-06"
  },
  {
    "nome": "Francisca Valdemia Serafim de Sousa",
    "assinatura": "ANA LUCIA SERAFIM DE ABREU",
    "data": "2025-02-04"
  },
  {
    "nome": "Francisca. Valéria Santos Aguiar",
    "assinatura": "",
    "data": ""
  },
  {
    "nome": "Francisco Aécio da Silva",
    "assinatura": "",
    "data": ""
  },
  {
    "nome": "Francisco Clésio Silva de Lira",
    "assinatura": "FRANCISCO CLESIO SILVA DE LIRA ",
    "data": "2025-02-05"
  },
  {
    "nome": "Francisco Giliard Barbosa Martins",
    "assinatura": "",
    "data": ""
  },
  {
    "nome": "Francisco Gomes de Lemos",
    "assinatura": "",
    "data": ""
  },
  {
    "nome": "FRANCISCO ISMAEL COSTA GOMES",
    "assinatura": "",
    "data": ""
  },
  {
    "nome": "Francisco Leudo Lopes de Sousa",
    "assinatura": "",
    "data": ""
  },
  {
    "nome": "Francisco Mauricio Oliveira dos Santos",
    "assinatura": "ANTONIA LARISSA BARBOSA DE OLIVEIRA ",
    "data": "2025-02-03"
  },
  {
    "nome": "Francisco Mousinho de Oliveira Filho",
    "assinatura": "FRANCISCO MOUSINHO",
    "data": "2025-02-04"
  },
  {
    "nome": "Francisco Vitor Marques do Nascimento",
    "assinatura": "FRANCISCO VITOR ",
    "data": "2025-02-05"
  },
  {
    "nome": "Geilson Rodrigues da Silva",
    "assinatura": "FRANCISCO GEREMIAS XAVIER MESQUITA ",
    "data": "2025-02-06"
  },
  {
    "nome": "Gerlânia Barbosa Lima",
    "assinatura": "GERLANIA BARBOSA ",
    "data": "2025-02-05"
  },
  {
    "nome": "Gilberto Aparecido Pereira",
    "assinatura": "",
    "data": ""
  },
  {
    "nome": "Giselle Pereira do Nascimento",
    "assinatura": "",
    "data": ""
  },
  {
    "nome": "Gustavo Tálysson Sousa dos Santos",
    "assinatura": "",
    "data": ""
  },
  {
    "nome": "Hadassa Bento Soares",
    "assinatura": "BRENA MEDEIROS BENTO ",
    "data": "2025-02-05"
  },
  {
    "nome": "Ilda Soares do Nascimento Costa",
    "assinatura": "",
    "data": ""
  },
  {
    "nome": "Iranete Costa Oliveira",
    "assinatura": "",
    "data": ""
  },
  {
    "nome": "Isaac Gabriel Sena de Sousa",
    "assinatura": "",
    "data": ""
  },
  {
    "nome": "Isadora Almeida Torres",
    "assinatura": "",
    "data": ""
  },
  {
    "nome": "Jaqueline Dantas da Silva",
    "assinatura": "JAQUELINE DANTAS DA SILVA ",
    "data": "2025-02-06"
  },
  {
    "nome": "Jhonata Pierre Rodrigues de Sousa",
    "assinatura": "",
    "data": ""
  },
  {
    "nome": "João Davi Silva Castro",
    "assinatura": "DANIELE SILVA CASTRO",
    "data": "2025-02-05"
  },
  {
    "nome": "João Miguel Rodrigues Severo",
    "assinatura": "",
    "data": ""
  },
  {
    "nome": "JOÃO MIQUÉIAS ALVES ANGELO",
    "assinatura": "",
    "data": ""
  },
  {
    "nome": "JOHN LENNON ALVES DE SOUSA",
    "assinatura": "",
    "data": ""
  },
  {
    "nome": "Joice Castro Sousa",
    "assinatura": "",
    "data": ""
  },
  {
    "nome": "Jorge Arthur Pinho Saragoça",
    "assinatura": "JEFERSON SARAGOÇA ",
    "data": "2025-02-03"
  },
  {
    "nome": "JOSÉ ANTONIO FERREIRA GOMES",
    "assinatura": "",
    "data": ""
  },
  {
    "nome": "José Carlos Henrique Cardoso Araujo",
    "assinatura": "IRIS MARIA RAULINO ALVES ",
    "data": "2025-02-06"
  },
  {
    "nome": "Jose Clenildo da Silva Ribeiro",
    "assinatura": "JOSÉ CLENILDO ",
    "data": "2025-02-04"
  },
  {
    "nome": "José Ismar de Araújo Fernandes",
    "assinatura": "JOSÉ ISMAR ",
    "data": "2025-02-04"
  },
  {
    "nome": "JOSE MIGUEL CARNEIRO DA SILVA",
    "assinatura": "",
    "data": ""
  },
  {
    "nome": "José Riquelme Costa Garcia",
    "assinatura": "",
    "data": ""
  },
  {
    "nome": "José Veras de Sousa",
    "assinatura": "",
    "data": ""
  },
  {
    "nome": "Josilene de Paula Pereira",
    "assinatura": "DEBORA PEREIRA DO NASCIMENTO ",
    "data": "2025-02-07"
  },
  {
    "nome": "Josimar Luiz de França",
    "assinatura": "",
    "data": ""
  },
  {
    "nome": "JULIANA BARBOZA BERNARDO DA SILVA",
    "assinatura": "",
    "data": ""
  },
  {
    "nome": "Kaio Silva de Oliveira",
    "assinatura": "",
    "data": ""
  },
  {
    "nome": "Karla Lorena Lima Martins",
    "assinatura": "",
    "data": ""
  },
  {
    "nome": "Kemilly Tayele Gomes Rodrigues",
    "assinatura": "GERLANIA BARBOSA LIMA ",
    "data": "2025-02-05"
  },
  {
    "nome": "Lazaro Silva de Sousa",
    "assinatura": "LAZARO SILVA DE SOUSA ",
    "data": "2025-02-05"
  },
  {
    "nome": "Lorranny Maria Prudencio da Conceição",
    "assinatura": "MIRICLEI SOUSA DA CRUZ ",
    "data": "2025-02-06"
  },
  {
    "nome": "Lucas Alves da Silva",
    "assinatura": "",
    "data": ""
  },
  {
    "nome": "Lucas de Castro Almeida",
    "assinatura": "",
    "data": ""
  },
  {
    "nome": "Lucas Valentim Ramos Leitão",
    "assinatura": "",
    "data": ""
  },
  {
    "nome": "Luciana Bié Facundo",
    "assinatura": "LAZARO SILVA DE SOUSA ",
    "data": "2025-02-05"
  },
  {
    "nome": "Lucilano Martins de Oliveira",
    "assinatura": "",
    "data": ""
  },
  {
    "nome": "Lucilena Estevão de Almeida",
    "assinatura": "MARIA LUCIA DA SILVA ESTEVÃO",
    "data": "2025-02-06"
  },
  {
    "nome": "Lucilene Paiva de Sousa",
    "assinatura": "",
    "data": ""
  },
  {
    "nome": "Luis Gonsaga de Mesquita",
    "assinatura": "",
    "data": ""
  },
  {
    "nome": "Luis Gotardo Almeida Magalhães",
    "assinatura": "",
    "data": ""
  },
  {
    "nome": "Lutierre dos Santos Silva",
    "assinatura": "ANA PATRICIA DOS SANTOS SOUSA ",
    "data": "2025-02-05"
  },
  {
    "nome": "Madalena Lima de Souza",
    "assinatura": "",
    "data": ""
  },
  {
    "nome": "Manoel Germano Neto",
    "assinatura": "",
    "data": ""
  },
  {
    "nome": "Manoel Teodoro Gomes",
    "assinatura": "",
    "data": ""
  },
  {
    "nome": "Marcos Antônio Silva de Lira",
    "assinatura": "MARCOS ANTONIO ",
    "data": "2025-02-05"
  },
  {
    "nome": "MARCOS AUGUSTO DA SILVA",
    "assinatura": "",
    "data": ""
  },
  {
    "nome": "Maria Aparecida Rodrigues Severo",
    "assinatura": "",
    "data": ""
  },
  {
    "nome": "Maria Bernardo Pereira",
    "assinatura": "",
    "data": ""
  },
  {
    "nome": "Maria Cirene dos Santos Pereira",
    "assinatura": "",
    "data": ""
  },
  {
    "nome": "Maria Cristina Barros",
    "assinatura": "",
    "data": ""
  },
  {
    "nome": "Maria de Jesus Nunes Costa",
    "assinatura": "",
    "data": ""
  },
  {
    "nome": "Maria do Socorro Alberto Paiva",
    "assinatura": "MARIA DO SOCORRO ",
    "data": "2025-02-05"
  },
  {
    "nome": "Maria Ednir Martins do Nascimento",
    "assinatura": "",
    "data": ""
  },
  {
    "nome": "MARIA ELENIR DE SOUSA",
    "assinatura": "",
    "data": ""
  },
  {
    "nome": "Maria Irailda de Orlanda",
    "assinatura": "MARIA IRAILDA ",
    "data": "2025-02-04"
  },
  {
    "nome": "Maria Jóse Alves da Silva",
    "assinatura": "MAYARA ALVES DO NASCIMENTO ",
    "data": "2025-02-06"
  },
  {
    "nome": "Maria José Cavalcante Magalhães",
    "assinatura": "",
    "data": ""
  },
  {
    "nome": "Maria Jozianna do Nascimento",
    "assinatura": "",
    "data": ""
  },
  {
    "nome": "Maria Juliana de Sousa Lobato Mota",
    "assinatura": "MARIA JULIANA SOUSA ",
    "data": "2025-02-04"
  },
  {
    "nome": "Maria Kele Uchoa",
    "assinatura": "FRANCISCO JEREMIAS XAVIER MESQUITA ",
    "data": "2025-02-06"
  },
  {
    "nome": "Maria Liduina Miguel dos Santos Souza",
    "assinatura": "ANA PATRICIA DOS SANTOS SOUSA ",
    "data": "2025-02-05"
  },
  {
    "nome": "Maria Lucia da Silva Estevão",
    "assinatura": "MARIA LUCIA DA SILVA ESTEVÃO",
    "data": "2025-02-06"
  },
  {
    "nome": "Maria Luisa Alves de Oliveira",
    "assinatura": "ROSALIA ALVES DE OLIVEIRA ",
    "data": "2025-02-05"
  },
  {
    "nome": "Maria Luizete Rocha Bento",
    "assinatura": "MARIA GORETE CRUZ ",
    "data": "2025-02-06"
  },
  {
    "nome": "Maria Marlene de Sousa Facundo",
    "assinatura": "",
    "data": ""
  },
  {
    "nome": "MARIA ROSANGELA DE SOUSA",
    "assinatura": "",
    "data": ""
  },
  {
    "nome": "Maria Vanesca Soares de Moura",
    "assinatura": "MARIA VANESCA ",
    "data": "2025-02-05"
  },
  {
    "nome": "Mariaaurilene Barbosa de Lisbôa",
    "assinatura": "",
    "data": ""
  },
  {
    "nome": "MARILENE RODRIGUES SANTIAGO",
    "assinatura": "",
    "data": ""
  },
  {
    "nome": "Mateus Felipe Bié de Sousa",
    "assinatura": "LAZARO SILVA DE SOUSA ",
    "data": "2025-02-05"
  },
  {
    "nome": "Mateus Silva de Sousa",
    "assinatura": "LAZARO SILVA DE SOUSA ",
    "data": "2025-02-05"
  },
  {
    "nome": "Mayara Alves do Nascimento",
    "assinatura": "MAYARA ALVES DO NASCIMENTO ",
    "data": "2025-02-06"
  },
  {
    "nome": "Milena Sousa Severo",
    "assinatura": "LAZARO SILVA DE SOUSA ",
    "data": "2025-02-05"
  },
  {
    "nome": "Mônica Vitória Alves do Nascimento",
    "assinatura": "MAYARA ALVES DO NASCIMENTO ",
    "data": "2025-02-06"
  },
  {
    "nome": "Nadia Paloma Estevam Simão",
    "assinatura": "",
    "data": ""
  },
  {
    "nome": "Naeli Lima Rodrigues",
    "assinatura": "DEIJACIR BARBOSA RODRIGUES ",
    "data": "2025-02-05"
  },
  {
    "nome": "Nailton Silva de Sousa",
    "assinatura": "JANAINA RODRIGUES DE OLIVEIRA ",
    "data": "2025-02-06"
  },
  {
    "nome": "NATALY DA SILVA COSTA",
    "assinatura": "",
    "data": ""
  },
  {
    "nome": "Patrícia dos Santos Sales",
    "assinatura": "",
    "data": ""
  },
  {
    "nome": "Paulo Victor de Lima Rodrigues",
    "assinatura": "",
    "data": ""
  },
  {
    "nome": "Pedro Henrique Brito de Vasconcelos",
    "assinatura": "",
    "data": ""
  },
  {
    "nome": "Pedro Lucas Oliveira Severo",
    "assinatura": "ALDENIR PEREIRA DE OLIVEIRA ",
    "data": "2025-02-04"
  },
  {
    "nome": "Pedro Nunes Coutinho",
    "assinatura": "",
    "data": ""
  },
  {
    "nome": "Pietro Santos Sousa",
    "assinatura": "",
    "data": ""
  },
  {
    "nome": "Priscila Cruz de Sena",
    "assinatura": "PRISCILA CRUZ DE SENA ",
    "data": "2025-02-06"
  },
  {
    "nome": "Raimundo Sabino dos Reis Filho",
    "assinatura": "RAIMUNDO SABINO DOS REIS FILHO ",
    "data": "2025-02-06"
  },
  {
    "nome": "RAYNARA PEREIRA DOS SANTOS PERSA",
    "assinatura": "",
    "data": ""
  },
  {
    "nome": "Renata Silva de Sousa",
    "assinatura": "LAZARO SILVA DE SOUSA ",
    "data": "2025-02-05"
  },
  {
    "nome": "Rihanna Ivo Lima",
    "assinatura": "",
    "data": ""
  },
  {
    "nome": "Roger da Silva Bernardo",
    "assinatura": "",
    "data": ""
  },
  {
    "nome": "Rogerio Oliveira Barbosa",
    "assinatura": "MARIA LUCIA DA SILVA ESTEVÃO ",
    "data": "2025-02-06"
  },
  {
    "nome": "ROSÂNGELA COSTA GARCIA",
    "assinatura": "",
    "data": ""
  },
  {
    "nome": "RYAN DO NASCIMENTO SOUSA",
    "assinatura": "",
    "data": ""
  },
  {
    "nome": "Ryana Ponciano Araújo Lopes",
    "assinatura": "ANOTONIA PONCIANO RIBEIRO ",
    "data": "2025-02-06"
  },
  {
    "nome": "Samara Rodrigues Alves",
    "assinatura": "MARIA IRAILDA DE HOLANDA ",
    "data": "2025-02-05"
  },
  {
    "nome": "Samia Medeiros da Silva",
    "assinatura": "BRENA MEDEIROS DA SILVA ",
    "data": "2025-02-05"
  },
  {
    "nome": "Samira Orlanda de Araújo",
    "assinatura": "MARIA IRAILDA DE OLANDA ",
    "data": "2025-02-04"
  },
  {
    "nome": "Samira Rodrigues Alves",
    "assinatura": "",
    "data": ""
  },
  {
    "nome": "Samuel Freitas de Almeida",
    "assinatura": "",
    "data": ""
  },
  {
    "nome": "Silvia Helena Nogueira do Nascimento",
    "assinatura": "PRISCILA CRUZ DE SENA ",
    "data": "2025-02-05"
  },
  {
    "nome": "SUERDA MARA MONTEIRO",
    "assinatura": "",
    "data": ""
  },
  {
    "nome": "Tatiane Sousa da Cruz",
    "assinatura": "TATIANE SOUSA DA CRUZ ",
    "data": "2025-02-05"
  },
  {
    "nome": "Tereza Fonseca de Oliveira",
    "assinatura": "",
    "data": ""
  },
  {
    "nome": "Túlio Alves Costa",
    "assinatura": "TULIO ALVES COSTA ",
    "data": "2025-02-04"
  },
  {
    "nome": "Valdeci Paulino da Silva",
    "assinatura": "",
    "data": ""
  },
  {
    "nome": "Vanessa Freitas Alves",
    "assinatura": "",
    "data": ""
  },
  {
    "nome": "VERA LÚCIA TERCEIRO DE ARAÚJO GERMANO",
    "assinatura": "",
    "data": ""
  },
  {
    "nome": "YANA PEREIRA FERNANDES",
    "assinatura": "",
    "data": ""
  }
]